Text,Caption
a woman in pink gloves posing on a rooftop," ""Channeling my inner rooftop diva in these pink gloves."""
a woman in pink gloves posing on a rooftop," ""When life gives you rooftops, strike a pose in pink."""
a woman in pink gloves posing on a rooftop,"""Bringing a touch of pink and rooftop glamour to the city."""
a woman in pink gloves posing on a rooftop,"""On top of the world, rocking these pink gloves."""
a woman in pink gloves posing on a rooftop,"""Rooftop vibes and pink glove style."""
a woman in pink gloves posing on a rooftop,"""Slaying the rooftop game with a pop of pink."""
a woman in pink gloves posing on a rooftop,"""Elevating my fashion game on this rooftop adventure."""
a woman in pink gloves posing on a rooftop,"""Taking rooftops to new heights with these pink gloves."""
a woman in pink gloves posing on a rooftop,"""Rooftop dreams and pink glove goals."""
a woman in pink gloves posing on a rooftop,"""Embracing the urban chic with a dash of pink on the rooftop."""
a poster with the names of the different actors,"""Bringing the stars together in one frame."""
a poster with the names of the different actors,"""A stellar cast that lights up the screen."""
a poster with the names of the different actors,"""When talent meets perfection."""
a poster with the names of the different actors,"""An ensemble of extraordinary actors."""
a poster with the names of the different actors,"""The ultimate dream team of the silver screen."""
a poster with the names of the different actors,"""A powerhouse of talent in one picture."""
a poster with the names of the different actors,"""Uniting legends and rising stars."""
a poster with the names of the different actors,"""The chemistry on set is simply electric."""
a poster with the names of the different actors,"""An all-star lineup that promises cinematic brilliance."""
a poster with the names of the different actors,"""Witness the magic created by these acting maestros."""
a poster with the names of the different actors,"""Celebrating the brilliance of these exceptional actors."""
a poster with the names of the different actors,"""Prepare for an unforgettable performance by this ensemble."""
a poster with the names of the different actors,"""Iconic actors coming together to redefine cinema."""
a poster with the names of the different actors,"""The stars align in this epic collaboration."""
a poster with the names of the different actors,"""Captivating performances await from this stellar cast."""
a poster with the names of the different actors,"""This picture speaks volumes about their incredible talent."""
a poster with the names of the different actors,"""When legends unite, cinematic history is made."""
a poster with the names of the different actors,"""A visual feast with an ensemble of remarkable actors."""
a poster with the names of the different actors,"""Experience the charisma and charm of these actors."""
a poster with the names of the different actors,"""Brace yourself for an unforgettable cinematic journey."""
a dog sitting next to a cup of coffee,"""Coffee and canine cuddles, the perfect way to start the day."""
a dog sitting next to a cup of coffee,"""The only thing better than coffee is sharing it with my furry best friend."""
a dog sitting next to a cup of coffee,"""Sipping coffee with my loyal companion by my side."""
a dog sitting next to a cup of coffee,"""Coffee dates are better with a furry buddy."""
a dog sitting next to a cup of coffee,"""Unconditional love and a cup of joe, my daily dose of happiness."""
a dog sitting next to a cup of coffee,"""Coffee is even better when enjoyed in the company of a faithful friend."""
a dog sitting next to a cup of coffee,"""The ultimate coffee break: cozying up with my pup."""
a dog sitting next to a cup of coffee,"""Finding joy in the simple moments: a dog and a cup of coffee."""
a dog sitting next to a cup of coffee,"""Morning rituals: caffeine and cuddles with my four-legged buddy."""
a dog sitting next to a cup of coffee,"""When you can't decide which is sweeter, the coffee or the dog beside it."""
a man and woman are posing for a picture,"""Picture-perfect moments with my partner in crime."""
a man and woman are posing for a picture,"""Capturing love and laughter in a single frame."""
a man and woman are posing for a picture,"""Smiling together, creating memories forever."""
a man and woman are posing for a picture,"""Two souls, one picture-perfect love story."""
a man and woman are posing for a picture,"""Life's better when you're by my side."""
a man and woman are posing for a picture,"""Forever and always, in each other's embrace."""
a man and woman are posing for a picture,"""Strike a pose, steal the show."""
a man and woman are posing for a picture,"""Love is in the air, and we're feeling it."""
a man and woman are posing for a picture,"""Making memories with my favorite person."""
a man and woman are posing for a picture,"""Partners in crime and poses, ready for the spotlight."""
a person painting a wall with pink paint,"""Adding a splash of color to brighten up my world!"""
a person painting a wall with pink paint,"""Unleashing my inner artist with a pop of pink."""
a person painting a wall with pink paint,"""Turning walls into canvases of creativity."""
a person painting a wall with pink paint,"""Embracing the power of pink, one brushstroke at a time."""
a person painting a wall with pink paint,"""Bringing life to dull walls with a vibrant touch."""
a person painting a wall with pink paint,"""Painting my way to a more colorful and inspiring space."""
a person painting a wall with pink paint,"""Bold and beautiful: the magic of a pink transformation."""
a person painting a wall with pink paint,"""Capturing the essence of joy with every stroke of pink."""
a person painting a wall with pink paint,"""Spreading love and positivity through the language of pink."""
a person painting a wall with pink paint,"""Pink vibes, happy vibes: a painting adventure in progress."""
two poodles wearing hawaiian shirts at the beach,"""Living the aloha life with my poodle pals!"""
two poodles wearing hawaiian shirts at the beach,"""Surfing into summer vibes with my furry friends."""
two poodles wearing hawaiian shirts at the beach,"""Tropical paradise with my poodle squad."""
two poodles wearing hawaiian shirts at the beach,"""Hawaiian shirts and sandy paws, beach days with my poodles."""
two poodles wearing hawaiian shirts at the beach,"""Making a fashion statement with my poodle crew in paradise."""
two poodles wearing hawaiian shirts at the beach,"""Beach bums and poodle love, soaking up the sun."""
two poodles wearing hawaiian shirts at the beach,"""Poodle power at the beach, making waves and turning heads."""
two poodles wearing hawaiian shirts at the beach,"""When in doubt, put your poodle in a Hawaiian shirt and head to the beach!"""
two poodles wearing hawaiian shirts at the beach,"""Poodles in paradise, living their best island life."""
two poodles wearing hawaiian shirts at the beach,"""Sun, sand, and stylish poodles in Hawaiian shirts, the perfect beach day!"""
a man standing in the water near a waterfall,"""Finding serenity amidst the cascading beauty."""
a man standing in the water near a waterfall,"""Embracing the power of nature's symphony."""
a man standing in the water near a waterfall,"""Letting the waterfall wash away all worries."""
a man standing in the water near a waterfall,"""Immersed in the tranquil allure of cascading waters."""
a man standing in the water near a waterfall,"""Drenched in the magic of nature's embrace."""
a man standing in the water near a waterfall,"""In awe of nature's masterpiece."""
a man standing in the water near a waterfall,"""Captivated by the dance of water and sunlight."""
a man standing in the water near a waterfall,"""Finding solace in the rhythm of the waterfall."""
a man standing in the water near a waterfall,"""Discovering peace in the depths of nature's wonders."""
a man standing in the water near a waterfall,"""Standing strong, rooted like the waterfall."""
a bear holding a sign that says i love you california,"""California love, bear hugs included!"""
a bear holding a sign that says i love you california,"""Sending furry love from the Golden State."""
a bear holding a sign that says i love you california,"""When a bear says, 'I love you, California!'"""
a bear holding a sign that says i love you california,"""Bear-y much in love with California vibes."""
a bear holding a sign that says i love you california,"""Hugs and kisses from this California-loving bear!"""
a bear holding a sign that says i love you california,"""Bear-ing all my love for the Golden State."""
a bear holding a sign that says i love you california,"""California dreamin' with a bear's love declaration."""
a bear holding a sign that says i love you california,"""Cuddles and affection, California style!"""
a bear holding a sign that says i love you california,"""This bear knows how to show love for California!"""
a bear holding a sign that says i love you california,"""Feeling the love in the land of sunshine and bears."""
a woman sitting on a couch with a guitar,"""Strumming melodies and finding my rhythm."""
a woman sitting on a couch with a guitar,"""Unleashing my inner rockstar, one chord at a time."""
a woman sitting on a couch with a guitar,"""Channeling my creativity through music and soulful tunes."""
a woman sitting on a couch with a guitar,"""Lost in the music, finding solace on my couch."""
a woman sitting on a couch with a guitar,"""Let the strings speak the words my heart cannot express."""
a woman sitting on a couch with a guitar,"""Embracing the power of music and letting it guide me."""
a woman sitting on a couch with a guitar,"""Captivated by the magic of music, lost in my own world."""
a woman sitting on a couch with a guitar,"""Melodies in the air, and a guitar in my hands."""
a woman sitting on a couch with a guitar,"""Finding my sanctuary on the couch, accompanied by my guitar."""
a woman sitting on a couch with a guitar,"""Creating harmony and finding my voice through six strings."""
a woman in a pink dress is dancing with a group of people,"""Lost in the rhythm, dancing through life in pink."""
a woman in a pink dress is dancing with a group of people,"""Stepping into the weekend like.."
a woman in a pink dress is dancing with a group of people,"""When the music hits, inhibitions disappear."""
a woman in a pink dress is dancing with a group of people,"""Radiating joy in a sea of vibrant souls."""
a woman in a pink dress is dancing with a group of people,"""Capturing the magic of the moment with every twirl."""
a woman in a pink dress is dancing with a group of people,"""Dancing like nobody's watching, feeling alive in pink."""
a woman in a pink dress is dancing with a group of people,"""Embracing the power of movement and connection."""
a woman in a pink dress is dancing with a group of people,"""A symphony of colors and laughter on the dance floor."""
a woman in a pink dress is dancing with a group of people,"""Living in full bloom, swaying to the beat of happiness."""
a woman in a pink dress is dancing with a group of people,"""Spreading contagious energy through the art of dance."""
saturday at saturday night,"""Saturday vibes: Let the night begin!"""
saturday at saturday night,"""Living for Saturday nights and unforgettable moments."""
saturday at saturday night,"""Saturday nights are made for making memories."""
saturday at saturday night,"""Saturdays are for good times and even better company."""
saturday at saturday night,"""Dancing the night away on this epic Saturday night."""
saturday at saturday night,"""Saturday nights + good friends = unforgettable memories."""
saturday at saturday night,"""When the weekend hits, it's time to shine on Saturday night."""
saturday at saturday night,"""Cheers to Saturday nights and the adventures they bring."""
saturday at saturday night,"""Saturday night fever: Let the party commence!"""
saturday at saturday night,"""Saturdays are meant for dancing, laughter, and endless fun."""
a baby is laying on a bed in a room,"""Tiny dreams, endless possibilities."""
a baby is laying on a bed in a room,"""Pure innocence captured in a single frame."""
a baby is laying on a bed in a room,"""Embracing the magic of new beginnings."""
a baby is laying on a bed in a room,"""A glimpse of heaven on earth."""
a baby is laying on a bed in a room,"""The world at their fingertips, a lifetime of adventures ahead."""
a baby is laying on a bed in a room,"""Love wrapped in the tiniest package."""
a baby is laying on a bed in a room,"""Whispers of joy, giggles of happiness."""
a baby is laying on a bed in a room,"""In a room full of wonders, the baby steals the show."""
a baby is laying on a bed in a room,"""Cuteness overload: the little one takes center stage."""
a baby is laying on a bed in a room,"""Dream big, little one, the world awaits your charm."""
a cup filled with ice and a pink spoon,"""Cool down in style with a refreshing treat."""
a cup filled with ice and a pink spoon,"""Spoonful of happiness on a hot summer day."""
a cup filled with ice and a pink spoon,"""Sipping on icy delights, pink spoon in hand."""
a cup filled with ice and a pink spoon,"""Sweet and chilled, the perfect combo for a pick-me-up."""
a cup filled with ice and a pink spoon,"""Indulging in frozen bliss, one spoonful at a time."""
a cup filled with ice and a pink spoon,"""When life gives you ice, grab a pink spoon and enjoy."""
a cup filled with ice and a pink spoon,"""A taste of paradise, served with a touch of pink."""
a cup filled with ice and a pink spoon,"""Chill vibes only with this cup of icy goodness."""
a cup filled with ice and a pink spoon,"""Stay cool and classy with a cup of frosty delight."""
a cup filled with ice and a pink spoon,"""Icy pleasures, spoonfuls of delight."""
a group of people gathered around a table,"""Good food, great company, and unforgettable moments."""
a group of people gathered around a table,"""Sharing laughter and creating memories around the table."""
a group of people gathered around a table,"""Where conversations flow and bonds grow stronger."""
a group of people gathered around a table,"""When friends gather, magic happens."""
a group of people gathered around a table,"""A table full of joy, friendship, and delicious moments."""
a group of people gathered around a table,"""Feasting together, celebrating the beauty of togetherness."""
a group of people gathered around a table,"""Creating a symphony of flavors and laughter around the table."""
a group of people gathered around a table,"""The table is set, let the good times roll."""
a group of people gathered around a table,"""Collecting moments and stories, one gathering at a time."""
a group of people gathered around a table,"""The heart of every home lies in moments shared around the table."""
a woman standing on a beach next to the ocean,"""Lost in the rhythm of the waves, finding solace in nature's embrace."""
a woman standing on a beach next to the ocean,"""Let the ocean whisper its secrets as you stand in its presence."""
a woman standing on a beach next to the ocean,"""Where the sea meets the soul, serenity takes hold."""
a woman standing on a beach next to the ocean,"""With the sand beneath her feet and dreams in her heart, she finds her peace."""
a woman standing on a beach next to the ocean,"""Standing tall, feeling small, in awe of the vastness before her."""
a woman standing on a beach next to the ocean,"""Where the sun kisses the ocean, her spirit finds its home."""
a woman standing on a beach next to the ocean,"""A moment frozen in time, as she becomes one with the sea."""
a woman standing on a beach next to the ocean,"""Capturing the beauty of the world in a single frame."""
a woman standing on a beach next to the ocean,"""Let the waves wash away worries, leaving only tranquility behind."""
a woman standing on a beach next to the ocean,"""Inhaling the salty air, exhaling pure bliss."""
"the word ""I love you"" written in the sand","""Love, written in every grain of sand."""
"the word ""I love you"" written in the sand","""Words etched in sand, but eternally imprinted in the heart."""
"the word ""I love you"" written in the sand","""When words fail, let the sand speak for you."""
"the word ""I love you"" written in the sand","""A declaration of love, sealed by the ocean's embrace."""
"the word ""I love you"" written in the sand","""Whispering words of affection in the language of the shore."""
"the word ""I love you"" written in the sand","""Love's message, delivered by the waves and carried by the sand."""
"the word ""I love you"" written in the sand","""A love letter written by nature's hand."""
"the word ""I love you"" written in the sand","""The tide may wash it away, but the sentiment remains forever."""
"the word ""I love you"" written in the sand","""Words that leave an imprint, even when the ocean tries to erase."""
"the word ""I love you"" written in the sand","""Love's confession, eternally imprinted in the sands of time."""
a sunset on the beach with a house in the background,"""Where the sky paints its farewell masterpiece over the sea."""
a sunset on the beach with a house in the background,"""Basking in the golden hues of a sunset, embraced by nature's beauty."""
a sunset on the beach with a house in the background,"""When the sun bids adieu, the magic of the beach comes alive."""
a sunset on the beach with a house in the background,"""Witnessing the day's end, where heaven meets the horizon."""
a sunset on the beach with a house in the background,"""A sunset to remember, with a beachside haven as the backdrop."""
a sunset on the beach with a house in the background,"""Capturing the serenity of a beachfront sunset, a moment frozen in time."""
a sunset on the beach with a house in the background,"""As the sun sets, the house becomes a silhouette against the mesmerizing sky."""
a sunset on the beach with a house in the background,"""When the colors of the sunset dance with the house by the shore."""
a sunset on the beach with a house in the background,"""Nature's canvas painted with hues of gold, as the house gracefully stands."""
a sunset on the beach with a house in the background,"""A breathtaking scene, where the beauty of nature and architecture intertwine."""
a baseball stadium with a large crowd watching,"""The roar of the crowd, the crack of the bat, the magic of the game."""
a baseball stadium with a large crowd watching,"""The stadium comes alive as fans unite for their love of the game."""
a baseball stadium with a large crowd watching,"""Where dreams are made, legends are born, and the spirit of baseball thrives."""
a baseball stadium with a large crowd watching,"""In the heart of the stadium, the energy of the crowd ignites."""
a baseball stadium with a large crowd watching,"""Cheers, chants, and a sea of faces, a symphony of passion for the sport."""
a baseball stadium with a large crowd watching,"""A grand stage for heroes, where the stadium becomes a theater of dreams."""
a baseball stadium with a large crowd watching,"""The electric atmosphere, where fans create an unbreakable bond through their love of the game."""
a baseball stadium with a large crowd watching,"""Amidst the sea of fans, the stadium becomes a cathedral of baseball."""
a baseball stadium with a large crowd watching,"""Witnessing the magic unfold, as the stadium becomes a temple of sportsmanship."""
a baseball stadium with a large crowd watching,"""Where the crowd becomes one, rallying behind their team with unwavering support."""
a woman with long hair,"""Flowing locks that dance with the wind, a crown of natural beauty."""
a woman with long hair,"""In every strand lies a story, an expression of her uniqueness."""
a woman with long hair,"""Elegance personified, as her long hair cascades like a waterfall."""
a woman with long hair,"""Her hair, an extension of her spirit, embracing her individuality."""
a woman with long hair,"""Long hair, don't careâ€”she embraces her untamed beauty."""
a woman with long hair,"""Unleashing her inner goddess, adorned with luxurious tresses."""
a woman with long hair,"""Her mane, a statement of confidence, a symbol of feminine power."""
a woman with long hair,"""She wears her long hair like a veil of strength and grace."""
a woman with long hair,"""Like a work of art, her long hair becomes a masterpiece of self-expression."""
a woman with long hair,"""The embodiment of timeless beauty, her long hair an epitome of elegance."""
a pile of boxes sitting on top of a pal,"""Unboxing new adventures, one box at a time."""
a pile of boxes sitting on top of a pal,"""Stacked with anticipation, the boxes hold endless possibilities."""
a pile of boxes sitting on top of a pal,"""A tower of dreams, waiting to be unwrapped."""
a pile of boxes sitting on top of a pal,"""Building a path to the future, box by box."""
a pile of boxes sitting on top of a pal,"""Where surprises hide, awaiting their grand reveal."""
a pile of boxes sitting on top of a pal,"""Unlocking treasures, as the boxes tower in joyful anticipation."""
a pile of boxes sitting on top of a pal,"""A stack of possibilities, ready to unfold their secrets."""
a pile of boxes sitting on top of a pal,"""A puzzle to be solved, as the boxes create a captivating enigma."""
a pile of boxes sitting on top of a pal,"""The mystery within, as the boxes perch upon their pal."""
a pile of boxes sitting on top of a pal,"""Ascending to new heights, with a pile of boxes as our stepping stones."""
a dog wearing sunglasses and a heart-shaped object,"""Too cool for dog school, rocking shades and spreading love."""
a dog wearing sunglasses and a heart-shaped object,"""A pup with swag, wearing shades and flaunting the love."""
a dog wearing sunglasses and a heart-shaped object,"""Sunshine and puppy kisses, the perfect combo for a delightful day."""
a dog wearing sunglasses and a heart-shaped object,"""When love shines through puppy eyes, even with shades on."""
a dog wearing sunglasses and a heart-shaped object,"""Heart of a dog, shades of charm, and a world full of wagging tails."""
a dog wearing sunglasses and a heart-shaped object,"""Sunglasses on, love mode activated!"""
a dog wearing sunglasses and a heart-shaped object,"""Living life through rose-tinted shades, with a heart full of love."""
a dog wearing sunglasses and a heart-shaped object,"""Cool vibes and puppy love, a winning combination."""
a dog wearing sunglasses and a heart-shaped object,"""Spreading love and good vibes, one wag at a time."""
a dog wearing sunglasses and a heart-shaped object,"""When the dog steals the spotlight with style and a heart-shaped flair."""
a brown dog laying on top of a blue blanket,"""Snuggled in comfort, finding solace in a world of softness."""
a brown dog laying on top of a blue blanket,"""Cozy moments, wrapped in the warmth of a blue blanket."""
a brown dog laying on top of a blue blanket,"""A perfect match of doggy warmth and soothing blue hues."""
a brown dog laying on top of a blue blanket,"""Rest and relaxation, the dog's secret to a blissful day."""
a brown dog laying on top of a blue blanket,"""Finding peace in the simple pleasure of a comfy spot."""
a brown dog laying on top of a blue blanket,"""A bundle of fur, embracing the tranquility of a blue haven."""
a brown dog laying on top of a blue blanket,"""Naptime vibes, as the dog dreams away on a plush blue blanket."""
a brown dog laying on top of a blue blanket,"""Comfort personified, as the dog enjoys a moment of pure relaxation."""
a brown dog laying on top of a blue blanket,"""Where dreams are woven, and the dog finds its happy place."""
a brown dog laying on top of a blue blanket,"""Serenity in blue, with a furry friend enjoying a peaceful nap."""
a dog sitting in the back seat of a car,"""Road trip adventures with the best backseat buddy."""
a dog sitting in the back seat of a car,"""Cruising through life, with the loyal companion by my side."""
a dog sitting in the back seat of a car,"""The backseat becomes a world of wagging tails and boundless joy."""
a dog sitting in the back seat of a car,"""The dog's view of the world, from the cozy confines of the backseat."""
a dog sitting in the back seat of a car,"""Road trip essentials: snacks, tunes, and a dog in the backseat."""
a dog sitting in the back seat of a car,"""Exploring new horizons, one car ride at a time, with the pup in the back."""
a dog sitting in the back seat of a car,"""Unleashing the spirit of adventure, with a furry copilot in the backseat."""
a dog sitting in the back seat of a car,"""Wherever the road takes us, we're in it together, dog and human."""
a dog sitting in the back seat of a car,"""A journey fueled by love, laughter, and a dog's happy tail in the backseat."""
a dog sitting in the back seat of a car,"""The backseat becomes a haven of companionship, as we navigate the world together."""
a dog's paw being held by a person,"""A paw in hand, an unbreakable bond."""
a dog's paw being held by a person,"""Love knows no bounds when it comes to furry paws."""
a dog's paw being held by a person,"""The power of touch, a language spoken between hearts and paws."""
a dog's paw being held by a person,"""In the palm of my hand lies a paw, and in my heart, a lifetime of love."""
a dog's paw being held by a person,"""When a gentle touch speaks volumes, and a paw holds your heart."""
a dog's paw being held by a person,"""The harmony of connection, as a hand and paw unite in love and trust."""
a dog's paw being held by a person,"""A pawprint of love, forever imprinted on my soul."""
a dog's paw being held by a person,"""A small gesture, a paw held tight, a friendship that feels just right."""
a dog's paw being held by a person,"""Hands and paws intertwined, a testament to the beauty of companionship."""
a dog's paw being held by a person,"""A touch that reassures, a paw that says, 'I'm here, always.'"""
a man wearing a hat,"""When style meets swagger, and a hat becomes the perfect accessory."""
a man wearing a hat,"""Hats off to the man who knows how to make a statement."""
a man wearing a hat,"""Dressed to impress, with a hat that adds a touch of charm."""
a man wearing a hat,"""A hat as his crown, exuding confidence and timeless elegance."""
a man wearing a hat,"""Rocking the hat game, turning heads wherever he goes."""
a man wearing a hat,"""Hats speak volumes, but it's the man who wears it with flair."""
a man wearing a hat,"""A hat adds intrigue, a touch of mystery to his already captivating presence."""
a man wearing a hat,"""A man of style, topping it off with a hat that defines his persona."""
a man wearing a hat,"""Channeling vintage vibes with a modern twist, thanks to his stylish hat."""
a man wearing a hat,"""When a hat becomes the exclamation point to his impeccable fashion sense."""
a woman with a hoodie,"""Effortlessly cool, rocking the hoodie with undeniable style."""
a woman with a hoodie,"""The hoodie: a fashion staple that exudes both comfort and confidence."""
a woman with a hoodie,"""Unleashing her inner rebel, wrapped in the cozy embrace of a hoodie."""
a woman with a hoodie,"""Casual vibes, elevated by her undeniable charm and a trusty hoodie."""
a woman with a hoodie,"""Embracing the athleisure trend, she makes the hoodie a fashion statement."""
a woman with a hoodie,"""When comfort meets fashion, and the hoodie becomes her go-to choice."""
a woman with a hoodie,"""Hoodie season is her favorite season, where comfort and style intertwine."""
a woman with a hoodie,"""Unconventional elegance, as she effortlessly pulls off the hoodie look."""
a woman with a hoodie,"""A hoodie is more than just a garment; it's an expression of her unique spirit."""
a woman with a hoodie,"""A hoodie adds a touch of nonchalant allure to her already captivating presence."""
